{
  "1": 0.103225721256179,
  "2": 0.103225721256179,
  "3": 0.103225721256179,
  "4": 0.103225721256179,
  "5": 0.103225721256179,
  "6": 0.0236561695647958,
  "7": 0.0236561695647958,
  "8": 0.0236561695647958,
  "9": 0.103225721256179,
  "10": 0.103225721256179,
  "11": 0.103225721256179,
  "12": 0.103225721256179
}
