{
  "AL": {
    "annualVMTofLDVs": 63941.942557885,
    "annualVMTofBuses": 345.083726621,
    "registeredLDVs": 5.06765789239068
  },
  "AZ": {
    "annualVMTofLDVs": 65312.283278795,
    "annualVMTofBuses": 700.482894121,
    "registeredLDVs": 5.50214033127422
  },
  "AR": {
    "annualVMTofLDVs": 32210.563509578,
    "annualVMTofBuses": 293.516618973,
    "registeredLDVs": 2.93258474512089
  },
  "CA": {
    "annualVMTofLDVs": 266758.232758616,
    "annualVMTofBuses": 3168.575973566,
    "registeredLDVs": 28.904612763897
  },
  "CO": {
    "annualVMTofLDVs": 49934.20822283,
    "annualVMTofBuses": 192.762751925,
    "registeredLDVs": 4.64488341125976
  },
  "CT": {
    "annualVMTofLDVs": 27027.086615997,
    "annualVMTofBuses": 210.647239966,
    "registeredLDVs": 2.56686377448541
  },
  "DE": {
    "annualVMTofLDVs": 8455.979192265,
    "annualVMTofBuses": 143.211085614,
    "registeredLDVs": 0.417655937024796
  },
  "DC": {
    "annualVMTofLDVs": 3283.90074431,
    "annualVMTofBuses": 44.297714888,
    "registeredLDVs": 0.356124767447808
  },
  "FL": {
    "annualVMTofLDVs": 207418.9790786,
    "annualVMTofBuses": 1255.649368087,
    "registeredLDVs": 18.0568666472893
  },
  "GA": {
    "annualVMTofLDVs": 113432.069712898,
    "annualVMTofBuses": 783.234617294,
    "registeredLDVs": 8.45820467607153
  },
  "ID": {
    "annualVMTofLDVs": 16759.204729144,
    "annualVMTofBuses": 62.268466972,
    "registeredLDVs": 1.85268664137573
  },
  "IL": {
    "annualVMTofLDVs": 90083.278453251,
    "annualVMTofBuses": 768.147059665,
    "registeredLDVs": 9.49972981316683
  },
  "IN": {
    "annualVMTofLDVs": 80322.761093105,
    "annualVMTofBuses": 388.615178976,
    "registeredLDVs": 5.71313285249791
  },
  "IA": {
    "annualVMTofLDVs": 27701.595584553,
    "annualVMTofBuses": 94.936833248,
    "registeredLDVs": 3.37426479455765
  },
  "KS": {
    "annualVMTofLDVs": 27112.6224548,
    "annualVMTofBuses": 35.86803922,
    "registeredLDVs": 2.36325546936965
  },
  "KY": {
    "annualVMTofLDVs": 39899.48572746,
    "annualVMTofBuses": 414.79386775,
    "registeredLDVs": 3.95782960527953
  },
  "LA": {
    "annualVMTofLDVs": 48312.775735722,
    "annualVMTofBuses": 283.790569879,
    "registeredLDVs": 4.21264621921735
  },
  "ME": {
    "annualVMTofLDVs": 12907.982873158,
    "annualVMTofBuses": 113.397329135,
    "registeredLDVs": 1.17331610631918
  },
  "MD": {
    "annualVMTofLDVs": 53283.096898372,
    "annualVMTofBuses": 211.08096442,
    "registeredLDVs": 4.5772249161988
  },
  "MA": {
    "annualVMTofLDVs": 52815.438792868,
    "annualVMTofBuses": 381.564749863,
    "registeredLDVs": 4.77291727111307
  },
  "MI": {
    "annualVMTofLDVs": 89045.566285757,
    "annualVMTofBuses": 201.742036341,
    "registeredLDVs": 8.62992635030956
  },
  "MN": {
    "annualVMTofLDVs": 50510.815967183,
    "annualVMTofBuses": 505.069706985,
    "registeredLDVs": 5.13580445489845
  },
  "MS": {
    "annualVMTofLDVs": 34595.643561795,
    "annualVMTofBuses": 228.010947581,
    "registeredLDVs": 2.14458335710504
  },
  "MO": {
    "annualVMTofLDVs": 67476.247468603,
    "annualVMTofBuses": 498.804611469,
    "registeredLDVs": 4.94003910249589
  },
  "MT": {
    "annualVMTofLDVs": 11907.858947094,
    "annualVMTofBuses": 74.982172119,
    "registeredLDVs": 1.73458101367468
  },
  "NE": {
    "annualVMTofLDVs": 18831.397404323,
    "annualVMTofBuses": 39.746316993,
    "registeredLDVs": 1.80201416364178
  },
  "NV": {
    "annualVMTofLDVs": 24299.599561126,
    "annualVMTofBuses": 129.007953765,
    "registeredLDVs": 2.46114935452083
  },
  "NH": {
    "annualVMTofLDVs": 12279.727176416,
    "annualVMTofBuses": 76.699110903,
    "registeredLDVs": 1.27424177218044
  },
  "NJ": {
    "annualVMTofLDVs": 70096.294173864,
    "annualVMTofBuses": 205.450413658,
    "registeredLDVs": 5.5483299188572
  },
  "NM": {
    "annualVMTofLDVs": 23319.778040204,
    "annualVMTofBuses": 267.692922182,
    "registeredLDVs": 1.71034215171902
  },
  "NY": {
    "annualVMTofLDVs": 106565.597412504,
    "annualVMTofBuses": 967.75041749,
    "registeredLDVs": 7.86598248813831
  },
  "NC": {
    "annualVMTofLDVs": 109843.168917714,
    "annualVMTofBuses": 738.165510434,
    "registeredLDVs": 8.32329265972027
  },
  "ND": {
    "annualVMTofLDVs": 7387.857372645,
    "annualVMTofBuses": 49.587744277,
    "registeredLDVs": 0.979386948121375
  },
  "OH": {
    "annualVMTofLDVs": 99598.504352134,
    "annualVMTofBuses": 673.753586901,
    "registeredLDVs": 10.0427051532362
  },
  "OK": {
    "annualVMTofLDVs": 38352.701981302,
    "annualVMTofBuses": 275.388050922,
    "registeredLDVs": 3.01812125299786
  },
  "OR": {
    "annualVMTofLDVs": 31480.433075289,
    "annualVMTofBuses": 317.978666603,
    "registeredLDVs": 3.77031535421736
  },
  "PA": {
    "annualVMTofLDVs": 88773.660555894,
    "annualVMTofBuses": 752.918950725,
    "registeredLDVs": 9.90490846005201
  },
  "RI": {
    "annualVMTofLDVs": 7041.048882694,
    "annualVMTofBuses": 10.193024736,
    "registeredLDVs": 0.743083750899381
  },
  "SC": {
    "annualVMTofLDVs": 53466.29321551,
    "annualVMTofBuses": 161.87532434,
    "registeredLDVs": 4.85195528245131
  },
  "SD": {
    "annualVMTofLDVs": 8604.53996365,
    "annualVMTofBuses": 14.33974981,
    "registeredLDVs": 1.12964677413696
  },
  "TN": {
    "annualVMTofLDVs": 72857.22212538,
    "annualVMTofBuses": 82.867513291,
    "registeredLDVs": 6.26209650759023
  },
  "TX": {
    "annualVMTofLDVs": 253988.415611493,
    "annualVMTofBuses": 726.760739546,
    "registeredLDVs": 21.6584205107919
  },
  "UT": {
    "annualVMTofLDVs": 27021.252667711,
    "annualVMTofBuses": 158.701610434,
    "registeredLDVs": 2.58513524235195
  },
  "VT": {
    "annualVMTofLDVs": 6469.262284912,
    "annualVMTofBuses": 51.213122436,
    "registeredLDVs": 0.557314028747516
  },
  "VA": {
    "annualVMTofLDVs": 75476.752150258,
    "annualVMTofBuses": 501.900957317,
    "registeredLDVs": 7.16704398150268
  },
  "WA": {
    "annualVMTofLDVs": 52918.764997539,
    "annualVMTofBuses": 146.902082095,
    "registeredLDVs": 7.20492299384905
  },
  "WV": {
    "annualVMTofLDVs": 13114.444105358,
    "annualVMTofBuses": 144.290827338,
    "registeredLDVs": 1.51364250418569
  },
  "WI": {
    "annualVMTofLDVs": 58465.758265122,
    "annualVMTofBuses": 493.493723412,
    "registeredLDVs": 5.09485242957661
  },
  "WY": {
    "annualVMTofLDVs": 7410.715636053,
    "annualVMTofBuses": 39.158809014,
    "registeredLDVs": 0.806230607389308
  }
}
