{
  "cars": 11543.2484297778,
  "trucks": 11543.2484297778,
  "transitBuses": 43647,
  "schoolBuses": 12000
}
