{
  "CA": {
    "capacity_added_mw": {
      "onshore_wind": 118.9,
      "utility_pv": 1807.36666666667
    },
    "retail_impacts_gwh": {
      "ee_retail": 3022.387066
    }
  },
  "NCSC": {
    "capacity_added_mw": {
      "onshore_wind": 0,
      "utility_pv": 518.433333333333
    },
    "retail_impacts_gwh": {
      "ee_retail": 1303.04013733333
    }
  },
  "CENT": {
    "capacity_added_mw": {
      "onshore_wind": 3543,
      "utility_pv": 26.9666666666667
    },
    "retail_impacts_gwh": {
      "ee_retail": 722.908235333333
    }
  },
  "FL": {
    "capacity_added_mw": {
      "onshore_wind": 0,
      "utility_pv": 1211.46666666667
    },
    "retail_impacts_gwh": {
      "ee_retail": 236.541580666667
    }
  },
  "MIDA": {
    "capacity_added_mw": {
      "onshore_wind": 480.366666666667,
      "utility_pv": 1314.8
    },
    "retail_impacts_gwh": {
      "ee_retail": 6095.33648566667
    }
  },
  "MIDW": {
    "capacity_added_mw": {
      "onshore_wind": 2969.26666666667,
      "utility_pv": 1029.5
    },
    "retail_impacts_gwh": {
      "ee_retail": 5209.34062766667
    }
  },
  "NE": {
    "capacity_added_mw": {
      "onshore_wind": 37.4666666666667,
      "utility_pv": 308.366666666667
    },
    "retail_impacts_gwh": {
      "ee_retail": 1973.50773566667
    }
  },
  "NY": {
    "capacity_added_mw": {
      "onshore_wind": 67.9,
      "utility_pv": 187.6
    },
    "retail_impacts_gwh": {
      "ee_retail": 2302.42032133333
    }
  },
  "NW": {
    "capacity_added_mw": {
      "onshore_wind": 933.9,
      "utility_pv": 741.133333333333
    },
    "retail_impacts_gwh": {
      "ee_retail": 1933.02724933333
    }
  },
  "RM": {
    "capacity_added_mw": {
      "onshore_wind": 567.733333333333,
      "utility_pv": 230.933333333333
    },
    "retail_impacts_gwh": {
      "ee_retail": 671.877578333334
    }
  },
  "SE": {
    "capacity_added_mw": {
      "onshore_wind": 0,
      "utility_pv": 817.466666666667
    },
    "retail_impacts_gwh": {
      "ee_retail": 392.663705
    }
  },
  "SW": {
    "capacity_added_mw": {
      "onshore_wind": 734.333333333333,
      "utility_pv": 314.766666666667
    },
    "retail_impacts_gwh": {
      "ee_retail": 1164.86359533333
    }
  },
  "TN": {
    "capacity_added_mw": {
      "onshore_wind": 0,
      "utility_pv": 136.133333333333
    },
    "retail_impacts_gwh": {
      "ee_retail": 52.8740333333333
    }
  },
  "TE": {
    "capacity_added_mw": {
      "onshore_wind": 3452.9,
      "utility_pv": 2985.53333333333
    },
    "retail_impacts_gwh": {
      "ee_retail": 901.393783333333
    }
  }
}
