{
  "AK": 20464.0000000001,
  "AL": 182878,
  "AR": 112029,
  "AZ": 313733,
  "CA": 1646616,
  "CO": 231391,
  "CT": 148860,
  "DC": 19034.8525469169,
  "DE": 41463.9999999999,
  "FL": 1255836,
  "GA": 426961.000000001,
  "HI": 64612,
  "IA": 110196,
  "ID": 62629,
  "IL": 492231,
  "IN": 217798.999999999,
  "KS": 84701.9999999998,
  "KY": 135141,
  "LA": 189659,
  "MA": 295454,
  "MD": 256486,
  "ME": 60508,
  "MI": 469854.000000001,
  "MN": 200591,
  "MO": 234409.000000001,
  "MS": 94937,
  "MT": 46312.0000000001,
  "NC": 401453,
  "ND": 30233.0000000002,
  "NE": 73467.9999999997,
  "NH": 77943.9999999999,
  "NJ": 485970.999999999,
  "NM": 73223.9999999999,
  "NV": 128184,
  "NY": 872267,
  "OH": 508459,
  "OK": 384661.000000001,
  "OR": 152676,
  "PA": 548212.000000001,
  "RI": 43672,
  "SC": 196092,
  "SD": 32606.0000000002,
  "TN": 239023,
  "TX": 1309322,
  "UT": 114723,
  "VA": 324492,
  "VT": 37499,
  "WA": 246194,
  "WI": 205415,
  "WV": 67618.9999999998,
  "WY": 18195.9999999999
}
