{
  "AK": 24552.2388059701,
  "AL": 196390.532544379,
  "AR": 119462.365591398,
  "AZ": 301725.571725572,
  "CA": 1946485.82995951,
  "CO": 316307.129798903,
  "CT": 168845.315904139,
  "DC": 18761.5062761506,
  "DE": 46309.5238095238,
  "FL": 1217844.5229682,
  "GA": 424981.949458484,
  "HI": 98197.0260223048,
  "IA": 110197.368421053,
  "ID": 58567.9611650485,
  "IL": 572526.041666667,
  "IN": 234454.828660436,
  "KS": 85909.0909090909,
  "KY": 147701.612903226,
  "LA": 207246.376811594,
  "MA": 349631.067961165,
  "MD": 273578.767123288,
  "ME": 65456.7307692308,
  "MI": 587490.039840637,
  "MN": 261042.780748663,
  "MO": 243245.901639344,
  "MS": 98000.0,
  "MT": 48391.6083916084,
  "NC": 398417.910447761,
  "ND": 36164.3835616438,
  "NE": 75390.0709219858,
  "NH": 84828.5714285714,
  "NJ": 572500.0,
  "NM": 78627.9683377309,
  "NV": 140127.659574468,
  "NY": 977556.179775281,
  "OH": 584602.649006622,
  "OK": 236901.408450704,
  "OR": 161448.957189901,
  "PA": 635870.206489676,
  "RI": 53598.9010989011,
  "SC": 209154.929577465,
  "SD": 36767.6767676768,
  "TN": 253015.267175573,
  "TX": 1242983.42541436,
  "UT": 164331.065759637,
  "VA": 370796.116504854,
  "VT": 42923.6499068901,
  "WA": 285629.405840886,
  "WI": 241313.432835821,
  "WV": 50523.8095238095,
  "WY": 35222.2222222222
}
