{
  "AK": {
    "transitBuses": {
      "sales": 2.5,
      "stock": 105
    },
    "schoolBuses": {
      "sales": 69.8351952802792,
      "stock": 954
    }
  },
  "AL": {
    "transitBuses": {
      "sales": 8.5,
      "stock": 163
    },
    "schoolBuses": {
      "sales": 579.251467770282,
      "stock": 7913
    }
  },
  "AR": {
    "transitBuses": {
      "sales": 7.75,
      "stock": 114
    },
    "schoolBuses": {
      "sales": 476.91435770547,
      "stock": 6515
    }
  },
  "AZ": {
    "transitBuses": {
      "sales": 118.75,
      "stock": 1172
    },
    "schoolBuses": {
      "sales": 524.569192220629,
      "stock": 7166
    }
  },
  "CA": {
    "transitBuses": {
      "sales": 679.5,
      "stock": 10059
    },
    "schoolBuses": {
      "sales": 1488.42665160788,
      "stock": 20333
    }
  },
  "CO": {
    "transitBuses": {
      "sales": 103.75,
      "stock": 1444
    },
    "schoolBuses": {
      "sales": 907.110055002576,
      "stock": 12391.7888250945
    }
  },
  "CT": {
    "transitBuses": {
      "sales": 85,
      "stock": 706
    },
    "schoolBuses": {
      "sales": 629.541592673376,
      "stock": 8600
    }
  },
  "DC": {
    "transitBuses": {
      "sales": 84,
      "stock": 1607
    },
    "schoolBuses": {
      "sales": 1009.50544209774,
      "stock": 13790.5849320823
    }
  },
  "DE": {
    "transitBuses": {
      "sales": 19.75,
      "stock": 249
    },
    "schoolBuses": {
      "sales": 114.561929364399,
      "stock": 1565
    }
  },
  "FL": {
    "transitBuses": {
      "sales": 292,
      "stock": 3215
    },
    "schoolBuses": {
      "sales": 1329.65040573479,
      "stock": 18164
    }
  },
  "GA": {
    "transitBuses": {
      "sales": 112,
      "stock": 917
    },
    "schoolBuses": {
      "sales": 1477.66588252381,
      "stock": 20186
    }
  },
  "HI": {
    "transitBuses": {
      "sales": 14,
      "stock": 604
    },
    "schoolBuses": {
      "sales": 52.9986178018052,
      "stock": 724
    }
  },
  "IA": {
    "transitBuses": {
      "sales": 25.25,
      "stock": 476
    },
    "schoolBuses": {
      "sales": 440.679114871363,
      "stock": 6020
    }
  },
  "ID": {
    "transitBuses": {
      "sales": 4,
      "stock": 97
    },
    "schoolBuses": {
      "sales": 219.314722284818,
      "stock": 2996
    }
  },
  "IL": {
    "transitBuses": {
      "sales": 128.75,
      "stock": 3132
    },
    "schoolBuses": {
      "sales": 1854.73201553085,
      "stock": 25337
    }
  },
  "IN": {
    "transitBuses": {
      "sales": 42,
      "stock": 509
    },
    "schoolBuses": {
      "sales": 1210.25711065918,
      "stock": 16533
    }
  },
  "KS": {
    "transitBuses": {
      "sales": 10.5,
      "stock": 198
    },
    "schoolBuses": {
      "sales": 294.713308384071,
      "stock": 4026
    }
  },
  "KY": {
    "transitBuses": {
      "sales": 22.25,
      "stock": 450
    },
    "schoolBuses": {
      "sales": 694.545422242441,
      "stock": 9488
    }
  },
  "LA": {
    "transitBuses": {
      "sales": 23,
      "stock": 379
    },
    "schoolBuses": {
      "sales": 500.778376218438,
      "stock": 6841
    }
  },
  "MA": {
    "transitBuses": {
      "sales": 104.75,
      "stock": 1883
    },
    "schoolBuses": {
      "sales": 658.822596983766,
      "stock": 9000
    }
  },
  "MD": {
    "transitBuses": {
      "sales": 86,
      "stock": 1342
    },
    "schoolBuses": {
      "sales": 530.571798104259,
      "stock": 7248
    }
  },
  "ME": {
    "transitBuses": {
      "sales": 19.25,
      "stock": 190
    },
    "schoolBuses": {
      "sales": 206.065067834367,
      "stock": 2815
    }
  },
  "MI": {
    "transitBuses": {
      "sales": 189.5,
      "stock": 1849
    },
    "schoolBuses": {
      "sales": 1233.02309151051,
      "stock": 16844
    }
  },
  "MN": {
    "transitBuses": {
      "sales": 59.5,
      "stock": 1047
    },
    "schoolBuses": {
      "sales": 1245.46751834242,
      "stock": 17014
    }
  },
  "MO": {
    "transitBuses": {
      "sales": 66,
      "stock": 725
    },
    "schoolBuses": {
      "sales": 870.304650615554,
      "stock": 11889
    }
  },
  "MS": {
    "transitBuses": {
      "sales": 10.5,
      "stock": 142
    },
    "schoolBuses": {
      "sales": 260.527735851691,
      "stock": 3559
    }
  },
  "MT": {
    "transitBuses": {
      "sales": 10,
      "stock": 130
    },
    "schoolBuses": {
      "sales": 256.355192737461,
      "stock": 3502
    }
  },
  "NC": {
    "transitBuses": {
      "sales": 105.75,
      "stock": 1232
    },
    "schoolBuses": {
      "sales": 949.802577318262,
      "stock": 12975
    }
  },
  "ND": {
    "transitBuses": {
      "sales": 4.5,
      "stock": 65
    },
    "schoolBuses": {
      "sales": 172.099102834315,
      "stock": 2351
    }
  },
  "NE": {
    "transitBuses": {
      "sales": 19.25,
      "stock": 200
    },
    "schoolBuses": {
      "sales": 417.693526487707,
      "stock": 5706
    }
  },
  "NH": {
    "transitBuses": {
      "sales": 15,
      "stock": 72
    },
    "schoolBuses": {
      "sales": 234.248034483117,
      "stock": 3200
    }
  },
  "NJ": {
    "transitBuses": {
      "sales": 228,
      "stock": 1530
    },
    "schoolBuses": {
      "sales": 1222.77474000187,
      "stock": 16704
    }
  },
  "NM": {
    "transitBuses": {
      "sales": 20.5,
      "stock": 253
    },
    "schoolBuses": {
      "sales": 146.91743912738,
      "stock": 2007
    }
  },
  "NV": {
    "transitBuses": {
      "sales": 52.5,
      "stock": 463
    },
    "schoolBuses": {
      "sales": 212.506888782652,
      "stock": 2903
    }
  },
  "NY": {
    "transitBuses": {
      "sales": 492,
      "stock": 7029
    },
    "schoolBuses": {
      "sales": 3338.03449138441,
      "stock": 45600
    }
  },
  "OH": {
    "transitBuses": {
      "sales": 121.75,
      "stock": 1626
    },
    "schoolBuses": {
      "sales": 1063.04686148869,
      "stock": 14522
    }
  },
  "OK": {
    "transitBuses": {
      "sales": 17.5,
      "stock": 206
    },
    "schoolBuses": {
      "sales": 41.1398110560974,
      "stock": 562
    }
  },
  "OR": {
    "transitBuses": {
      "sales": 86.5,
      "stock": 999
    },
    "schoolBuses": {
      "sales": 359.64393544236,
      "stock": 4913
    }
  },
  "PA": {
    "transitBuses": {
      "sales": 259.75,
      "stock": 3095
    },
    "schoolBuses": {
      "sales": 2257.19941977716,
      "stock": 30835
    }
  },
  "RI": {
    "transitBuses": {
      "sales": 14.25,
      "stock": 272
    },
    "schoolBuses": {
      "sales": 123.785445722172,
      "stock": 1691
    }
  },
  "SC": {
    "transitBuses": {
      "sales": 32.5,
      "stock": 280
    },
    "schoolBuses": {
      "sales": 507.2933996775,
      "stock": 6930
    }
  },
  "SD": {
    "transitBuses": {
      "sales": 3.5,
      "stock": 50
    },
    "schoolBuses": {
      "sales": 146.405021551948,
      "stock": 2000
    }
  },
  "TN": {
    "transitBuses": {
      "sales": 43,
      "stock": 521
    },
    "schoolBuses": {
      "sales": 675.878781994568,
      "stock": 9233
    }
  },
  "TX": {
    "transitBuses": {
      "sales": 298,
      "stock": 3256
    },
    "schoolBuses": {
      "sales": 3684.06275982244,
      "stock": 50327
    }
  },
  "UT": {
    "transitBuses": {
      "sales": 44.5,
      "stock": 528
    },
    "schoolBuses": {
      "sales": 240.54345040985,
      "stock": 3286
    }
  },
  "VA": {
    "transitBuses": {
      "sales": 91.75,
      "stock": 1266
    },
    "schoolBuses": {
      "sales": 920.301965475545,
      "stock": 12572
    }
  },
  "VT": {
    "transitBuses": {
      "sales": 10,
      "stock": 114
    },
    "schoolBuses": {
      "sales": 95.1632640087661,
      "stock": 1300
    }
  },
  "WA": {
    "transitBuses": {
      "sales": 226.5,
      "stock": 2971
    },
    "schoolBuses": {
      "sales": 776.0198167361,
      "stock": 10601
    }
  },
  "WI": {
    "transitBuses": {
      "sales": 58.75,
      "stock": 993
    },