{
  "AK": {
    "transitBuses": {
      "sales": 4,
      "stock": 111
    },
    "schoolBuses": {
      "sales": 55.4613034487937,
      "stock": 729
    }
  },
  "AL": {
    "transitBuses": {
      "sales": 12.5,
      "stock": 219
    },
    "schoolBuses": {
      "sales": 600.868826664709,
      "stock": 7898
    }
  },
  "AR": {
    "transitBuses": {
      "sales": 8.75,
      "stock": 119
    },
    "schoolBuses": {
      "sales": 385.718530158277,
      "stock": 5070
    }
  },
  "AZ": {
    "transitBuses": {
      "sales": 106.25,
      "stock": 1131
    },
    "schoolBuses": {
      "sales": 545.179287399254,
      "stock": 7166
    }
  },
  "CA": {
    "transitBuses": {
      "sales": 787.5,
      "stock": 10444
    },
    "schoolBuses": {
      "sales": 1799.25902134976,
      "stock": 23650
    }
  },
  "CO": {
    "transitBuses": {
      "sales": 121,
      "stock": 1427
    },
    "schoolBuses": {
      "sales": 869.779081953469,
      "stock": 11432.6370156356
    }
  },
  "CT": {
    "transitBuses": {
      "sales": 72.5,
      "stock": 707
    },
    "schoolBuses": {
      "sales": 654.276007763547,
      "stock": 8600
    }
  },
  "DC": {
    "transitBuses": {
      "sales": 112,
      "stock": 1756
    },
    "schoolBuses": {
      "sales": 1070.30978830434,
      "stock": 14068.4727396329
    }
  },
  "DE": {
    "transitBuses": {
      "sales": 3,
      "stock": 250
    },
    "schoolBuses": {
      "sales": 134.126581591527,
      "stock": 1763
    }
  },
  "FL": {
    "transitBuses": {
      "sales": 223.75,
      "stock": 3118
    },
    "schoolBuses": {
      "sales": 1071.87147364891,
      "stock": 14089
    }
  },
  "GA": {
    "transitBuses": {
      "sales": 72.25,
      "stock": 942
    },
    "schoolBuses": {
      "sales": 1125.88728359218,
      "stock": 14799
    }
  },
  "HI": {
    "transitBuses": {
      "sales": 26,
      "stock": 585
    },
    "schoolBuses": {
      "sales": 49.907565243359,
      "stock": 656
    }
  },
  "IA": {
    "transitBuses": {
      "sales": 27,
      "stock": 496
    },
    "schoolBuses": {
      "sales": 342.353724992554,
      "stock": 4500
    }
  },
  "ID": {
    "transitBuses": {
      "sales": 3.75,
      "stock": 89
    },
    "schoolBuses": {
      "sales": 214.161274634231,
      "stock": 2815
    }
  },
  "IL": {
    "transitBuses": {
      "sales": 201.25,
      "stock": 3222
    },
    "schoolBuses": {
      "sales": 1927.60362891919,
      "stock": 25337
    }
  },
  "IN": {
    "transitBuses": {
      "sales": 40,
      "stock": 536
    },
    "schoolBuses": {
      "sales": 1228.51732248439,
      "stock": 16148
    }
  },
  "KS": {
    "transitBuses": {
      "sales": 14,
      "stock": 186
    },
    "schoolBuses": {
      "sales": 306.292465960005,
      "stock": 4026
    }
  },
  "KY": {
    "transitBuses": {
      "sales": 28.25,
      "stock": 488
    },
    "schoolBuses": {
      "sales": 604.216285309081,
      "stock": 7942
    }
  },
  "LA": {
    "transitBuses": {
      "sales": 21.5,
      "stock": 391
    },
    "schoolBuses": {
      "sales": 520.453740594236,
      "stock": 6841
    }
  },
  "MA": {
    "transitBuses": {
      "sales": 139,
      "stock": 1674
    },
    "schoolBuses": {
      "sales": 684.707449985108,
      "stock": 9000
    }
  },
  "MD": {
    "transitBuses": {
      "sales": 93,
      "stock": 1413
    },
    "schoolBuses": {
      "sales": 551.417733054673,
      "stock": 7248
    }
  },
  "ME": {
    "transitBuses": {
      "sales": 8,
      "stock": 193
    },
    "schoolBuses": {
      "sales": 240.104079128111,
      "stock": 3156
    }
  },
  "MI": {
    "transitBuses": {
      "sales": 168,
      "stock": 2000
    },
    "schoolBuses": {
      "sales": 1254.84052000604,
      "stock": 16494
    }
  },
  "MN": {
    "transitBuses": {
      "sales": 93.25,
      "stock": 1345
    },
    "schoolBuses": {
      "sales": 1389.11925880868,
      "stock": 18259
    }
  },
  "MO": {
    "transitBuses": {
      "sales": 57.25,
      "stock": 749
    },
    "schoolBuses": {
      "sales": 905.259327485866,
      "stock": 11899
    }
  },
  "MS": {
    "transitBuses": {
      "sales": 9.25,
      "stock": 152
    },
    "schoolBuses": {
      "sales": 408.00956158557,
      "stock": 5363
    }
  },
  "MT": {
    "transitBuses": {
      "sales": 8.25,
      "stock": 125
    },
    "schoolBuses": {
      "sales": 264.06883987759,
      "stock": 3471
    }
  },
  "NC": {
    "transitBuses": {
      "sales": 80.5,
      "stock": 1248
    },
    "schoolBuses": {
      "sales": 987.119907061864,
      "stock": 12975
    }
  },
  "ND": {
    "transitBuses": {
      "sales": 5,
      "stock": 65
    },
    "schoolBuses": {
      "sales": 137.093647208129,
      "stock": 1802
    }
  },
  "NE": {
    "transitBuses": {
      "sales": 13.5,
      "stock": 183
    },
    "schoolBuses": {
      "sales": 434.104523290558,
      "stock": 5706
    }
  },
  "NH": {
    "transitBuses": {
      "sales": 4,
      "stock": 84
    },
    "schoolBuses": {
      "sales": 243.451537772483,
      "stock": 3200
    }
  },
  "NJ": {
    "transitBuses": {
      "sales": 12,
      "stock": 1564
    },
    "schoolBuses": {
      "sales": 1270.81702717236,
      "stock": 16704
    }
  },
  "NM": {
    "transitBuses": {
      "sales": 13.25,
      "stock": 263
    },
    "schoolBuses": {
      "sales": 152.689761346679,
      "stock": 2007
    }
  },
  "NV": {
    "transitBuses": {
      "sales": 58.5,
      "stock": 498
    },
    "schoolBuses": {
      "sales": 189.283570618105,
      "stock": 2488
    }
  },
  "NY": {
    "transitBuses": {
      "sales": 582.25,
      "stock": 7167
    },
    "schoolBuses": {
      "sales": 3469.18441325788,
      "stock": 45600
    }
  },
  "OH": {
    "transitBuses": {
      "sales": 151.5,
      "stock": 1735
    },
    "schoolBuses": {
      "sales": 1104.81350985375,
      "stock": 14522
    }
  },
  "OK": {
    "transitBuses": {
      "sales": 12.5,
      "stock": 194
    },
    "schoolBuses": {
      "sales": 42.7561763212923,
      "stock": 562
    }
  },
  "OR": {
    "transitBuses": {
      "sales": 90.75,
      "stock": 1027
    },
    "schoolBuses": {
      "sales": 369.361629964189,
      "stock": 4855
    }
  },
  "PA": {
    "transitBuses": {
      "sales": 235.25,
      "stock": 3167
    },
    "schoolBuses": {
      "sales": 1642.99356554204,
      "stock": 21596
    }
  },
  "RI": {
    "transitBuses": {
      "sales": 19.5,
      "stock": 252
    },
    "schoolBuses": {
      "sales": 128.648921991646,
      "stock": 1691
    }
  },
  "SC": {
    "transitBuses": {
      "sales": 19.5,
      "stock": 290
    },
    "schoolBuses": {
      "sales": 386.098923186047,
      "stock": 5075
    }
  },
  "SD": {
    "transitBuses": {
      "sales": 3.75,
      "stock": 46
    },
    "schoolBuses": {
      "sales": 152.157211107802,
      "stock": 2000
    }
  },
  "TN": {
    "transitBuses": {
      "sales": 38.5,
      "stock": 582
    },
    "schoolBuses": {
      "sales": 702.433765079167,
      "stock": 9233
    }
  },
  "TX": {
    "transitBuses": {
      "sales": 274,
      "stock": 3323
    },
    "schoolBuses": {
      "sales": 3774.10746431791,
      "stock": 49608
    }
  },
  "UT": {
    "transitBuses": {
      "sales": 45,
      "stock": 523
    },
    "schoolBuses": {
      "sales": 241.017022394758,
      "stock": 3168
    }
  },
  "VA": {
    "transitBuses": {
      "sales": 77.25,
      "stock": 1271
    },
    "schoolBuses": {
      "sales": 1198.39019468505,
      "stock": 15752
    }
  },
  "VT": {
    "transitBuses": {
      "sales": 7,
      "stock": 105
    },
    "schoolBuses": {
      "sales": 91.294326664681,
      "stock": 1200
    }
  },
  "WA": {
    "transitBuses": {
      "sales": 285.75,
      "stock": 3260
    },
    "schoolBuses": {
      "sales": 812.367350104553,
      "stock": 10678
    }
  },
  "WI": {
    "transitBuses": {
      "sales": 43.25,
      "stock": 1064
    },