{
  "AK": {
    "lightDutyVehicles": {
      "sales": 24552.23881,
      "stock": 707736.1803
    },
    "transitBuses": {
      "sales": 4,
      "stock": 111
    },
    "schoolBuses": {
      "sales": 55.46130345,
      "stock": 729
    }
  },
  "AL": {
    "lightDutyVehicles": {
      "sales": 196390.5325,
      "stock": 4921590.56
    },
    "transitBuses": {
      "sales": 12.5,
      "stock": 219
    },
    "schoolBuses": {
      "sales": 600.8688267,
      "stock": 7898
    }
  },
  "AR": {
    "lightDutyVehicles": {
      "sales": 119462.3656,
      "stock": 2531814.737
    },
    "transitBuses": {
      "sales": 8.75,
      "stock": 119
    },
    "schoolBuses": {
      "sales": 385.7185302,
      "stock": 5070
    }
  },
  "AZ": {
    "lightDutyVehicles": {
      "sales": 301725.5717,
      "stock": 5568568.465
    },
    "transitBuses": {
      "sales": 106.25,
      "stock": 1131
    },
    "schoolBuses": {
      "sales": 545.1792874,
      "stock": 7166
    }
  },
  "CA": {
    "lightDutyVehicles": {
      "sales": 1946485.83,
      "stock": 28671554.02
    },
    "transitBuses": {
      "sales": 787.5,
      "stock": 10444
    },
    "schoolBuses": {
      "sales": 1799.259021,
      "stock": 23650
    }
  },
  "CO": {
    "lightDutyVehicles": {
      "sales": 316307.1298,
      "stock": 4967406.496
    },
    "transitBuses": {
      "sales": 121,
      "stock": 1427
    },
    "schoolBuses": {
      "sales": 869.779082,
      "stock": 11432.63702
    }
  },
  "CT": {
    "lightDutyVehicles": {
      "sales": 168845.3159,
      "stock": 2693552.81
    },
    "transitBuses": {
      "sales": 72.5,
      "stock": 707
    },
    "schoolBuses": {
      "sales": 654.2760078,
      "stock": 8600
    }
  },
  "DC": {
    "lightDutyVehicles": {
      "sales": 18761.50628,
      "stock": 322118.846
    },
    "transitBuses": {
      "sales": 112,
      "stock": 1756
    },
    "schoolBuses": {
      "sales": 1070.309788,
      "stock": 14068.47274
    }
  },
  "DE": {
    "lightDutyVehicles": {
      "sales": 46309.52381,
      "stock": 955591.2411
    },
    "transitBuses": {
      "sales": 3,
      "stock": 250
    },
    "schoolBuses": {
      "sales": 134.1265816,
      "stock": 1763
    }
  },
  "FL": {
    "lightDutyVehicles": {
      "sales": 1217844.523,
      "stock": 16516963.22
    },
    "transitBuses": {
      "sales": 223.75,
      "stock": 3118
    },
    "schoolBuses": {
      "sales": 1071.871474,
      "stock": 14089
    }
  },
  "GA": {
    "lightDutyVehicles": {
      "sales": 424981.9495,
      "stock": 7921338.097
    },
    "transitBuses": {
      "sales": 72.25,
      "stock": 942
    },
    "schoolBuses": {
      "sales": 1125.887284,
      "stock": 14799
    }
  },
  "HI": {
    "lightDutyVehicles": {
      "sales": 98197.02602,
      "stock": 1191277.342
    },
    "transitBuses": {
      "sales": 26,
      "stock": 585
    },
    "schoolBuses": {
      "sales": 49.90756524,
      "stock": 656
    }
  },
  "IA": {
    "lightDutyVehicles": {
      "sales": 110197.3684,
      "stock": 3291911.561
    },
    "transitBuses": {
      "sales": 27,
      "stock": 496
    },
    "schoolBuses": {
      "sales": 342.353725,
      "stock": 4500
    }
  },
  "ID": {
    "lightDutyVehicles": {
      "sales": 58567.96117,
      "stock": 1757500.328
    },
    "transitBuses": {
      "sales": 3.75,
      "stock": 89
    },
    "schoolBuses": {
      "sales": 214.1612746,
      "stock": 2815
    }
  },
  "IL": {
    "lightDutyVehicles": {
      "sales": 572526.0417,
      "stock": 9708821.548
    },
    "transitBuses": {
      "sales": 201.25,
      "stock": 3222
    },
    "schoolBuses": {
      "sales": 1927.603629,
      "stock": 25337
    }
  },
  "IN": {
    "lightDutyVehicles": {
      "sales": 234454.8287,
      "stock": 5402844.581
    },
    "transitBuses": {
      "sales": 40,
      "stock": 536
    },
    "schoolBuses": {
      "sales": 1228.517322,
      "stock": 16148
    }
  },
  "KS": {
    "lightDutyVehicles": {
      "sales": 85909.09091,
      "stock": 2367766.359
    },
    "transitBuses": {
      "sales": 14,
      "stock": 186
    },
    "schoolBuses": {
      "sales": 306.292466,
      "stock": 4026
    }
  },
  "KY": {
    "lightDutyVehicles": {
      "sales": 147701.6129,
      "stock": 4024256.952
    },
    "transitBuses": {
      "sales": 28.25,
      "stock": 488
    },
    "schoolBuses": {
      "sales": 604.2162853,
      "stock": 7942
    }
  },
  "LA": {
    "lightDutyVehicles": {
      "sales": 207246.3768,
      "stock": 3521632.782
    },
    "transitBuses": {
      "sales": 21.5,
      "stock": 391
    },
    "schoolBuses": {
      "sales": 520.4537406,
      "stock": 6841
    }
  },
  "MA": {
    "lightDutyVehicles": {
      "sales": 349631.068,
      "stock": 4730670.406
    },
    "transitBuses": {
      "sales": 139,
      "stock": 1674
    },
    "schoolBuses": {
      "sales": 684.70745,
      "stock": 9000
    }
  },
  "MD": {
    "lightDutyVehicles": {
      "sales": 273578.7671,
      "stock": 3901653.959
    },
    "transitBuses": {
      "sales": 93,
      "stock": 1413
    },
    "schoolBuses": {
      "sales": 551.4177331,
      "stock": 7248
    }
  },
  "ME": {
    "lightDutyVehicles": {
      "sales": 65456.73077,
      "stock": 995610.4185
    },
    "transitBuses": {
      "sales": 8,
      "stock": 193
    },
    "schoolBuses": {
      "sales": 240.1040791,
      "stock": 3156
    }
  },
  "MI": {
    "lightDutyVehicles": {
      "sales": 587490.0398,
      "stock": 7788229.939
    },
    "transitBuses": {
      "sales": 168,
      "stock": 2000
    },
    "schoolBuses": {
      "sales": 1254.84052,
      "stock": 16494
    }
  },
  "MN": {
    "lightDutyVehicles": {
      "sales": 261042.7807,
      "stock": 4833036.968
    },
    "transitBuses": {
      "sales": 93.25,
      "stock": 1345
    },
    "schoolBuses": {
      "sales": 1389.119259,
      "stock": 18259
    }
  },
  "MO": {
    "lightDutyVehicles": {
      "sales": 243245.9016,
      "stock": 5035192.023
    },
    "transitBuses": {
      "sales": 57.25,
      "stock": 749
    },
    "schoolBuses": {
      "sales": 905.2593275,
      "stock": 11899
    }
  },
  "MS": {
    "lightDutyVehicles": {
      "sales": 98000,
      "stock": 1876688.809
    },
    "transitBuses": {
      "sales": 9.25,
      "stock": 152
    },
    "schoolBuses": {
      "sales": 408.0095616,
      "stock": 5363
    }
  },
  "MT": {
    "lightDutyVehicles": {
      "sales": 48391.60839,
      "stock": 1440900.072
    },
    "transitBuses": {
      "sales": 8.25,
      "stock": 125
    },
    "schoolBuses": {
      "sales": 264.0688399,
      "stock": 3471
    }
  },
  "NC": {
    "lightDutyVehicles": {
      "sales": 398417.9104,
      "stock": 7850719.255
    },
    "transitBuses": {
      "sales": 80.5,
      "stock": 1248
    },
    "schoolBuses": {
      "sales": 987.1199071,
      "stock": 12975
    }
  },
  "ND": {
    "lightDutyVehicles": {
      "sales": 36164.38356,
      "stock": 723689.1901
    },
    "transitBuses": {
      "sales": 5,
      "stock": 65
    },
    "schoolBuses": {
      "sales": 137.0936472,
      "stock": 1802
    }
  },
  "NE": {
    "lightDutyVehicles": {
      "sales": 75390.07092,
      "stock": 1656738.414
    },
    "transitBuses": {
      "sales": 13.5,
      "stock": 183
    },
    "schoolBuses": {
      "sales": 434.1045233,
      "stock": 5706
    }
  },
  "NH": {
    "lightDutyVehicles": {
      "sales": 84828.57143,
      "stock": 1220780.612
    },
    "transitBuses": {
      "sales": 4,
      "stock": 84
    },
    "schoolBuses": {
      "sales": 243.4515378,
      "stock": 3200
    }
  },
  "NJ": {
    "lightDutyVehicles": {
      "sales": 572500,
      "stock": 5579738.478
    },
    "transitBuses": {
      "sales": 12,
      "stock": 1564
    },
    "schoolBuses": {
      "sales": 1270.817027,
      "stock": 16704
    }
  },
  "NM": {
    "lightDutyVehicles": {
      "sales": 78627.96834,