{
  "AK": 19934.6405228758,
  "AL": 168755.760368664,
  "AR": 89105.2631578947,
  "AZ": 295610.098176718,
  "CA": 1522464.61688629,
  "CO": 220302.43902439,
  "CT": 128772.378516624,
  "DC": 16464.4351464435,
  "DE": 38758.5034013605,
  "FL": 1131543.62416107,
  "GA": 387551.020408163,
  "HI": 64618.9917936694,
  "IA": 100546.075085324,
  "ID": 57027.027027027,
  "IL": 438174.603174603,
  "IN": 200828.571428571,
  "KS": 79972.5274725275,
  "KY": 115353.159851301,
  "LA": 170674.846625767,
  "MA": 261276.595744681,
  "MD": 73247.5490196078,
  "ME": 54829.6593186373,
  "MI": 439571.428571429,
  "MN": 179130.434782609,
  "MO": 225269.922879177,
  "MS": 80483.8709677419,
  "MT": 46551.724137931,
  "NC": 362357.563850688,
  "ND": 28536.5853658537,
  "NE": 66038.338658147,
  "NH": 77417.8403755868,
  "NJ": 419348.785871965,
  "NM": 65515.587529976,
  "NV": 116720.075400566,
  "NY": 731380.530973451,
  "OH": 439226.00619195,
  "OK": 357264.43768997,
  "OR": 137800.324675325,
  "PA": 478130.434782609,
  "RI": 40149.8127340824,
  "SC": 181666.666666667,
  "SD": 29832.4022346369,
  "TN": 211796.246648794,
  "TX": 1206894.27312775,
  "UT": 118064.516129032,
  "VA": 285250.320924262,
  "VT": 32632.9787234043,
  "WA": 235265.151515151,
  "WI": 180870.786516854,
  "WV": 58776.9784172662,
  "WY": 17183.0985915493
}
