{
  "AL": {
    "annualVMTLightDutyVehicles": 71275.566500421,
    "annualVMTBuses": 401.3291567,
    "registeredLightDutyVehicles": 5.0864443559443
  },
  "AZ": {
    "annualVMTLightDutyVehicles": 64827.996349148,
    "annualVMTBuses": 498.682375721,
    "registeredLightDutyVehicles": 5.49491755447055
  },
  "AR": {
    "annualVMTLightDutyVehicles": 31951.370733191,
    "annualVMTBuses": 289.61776624,
    "registeredLightDutyVehicles": 2.94239180717184
  },
  "CA": {
    "annualVMTLightDutyVehicles": 267357.505245811,
    "annualVMTBuses": 2281.027083892,
    "registeredLightDutyVehicles": 29.2036147909926
  },
  "CO": {
    "annualVMTLightDutyVehicles": 49866.518727328,
    "annualVMTBuses": 194.563280908,
    "registeredLightDutyVehicles": 4.64235830726059
  },
  "CT": {
    "annualVMTLightDutyVehicles": 26729.756906684,
    "annualVMTBuses": 179.267618103,
    "registeredLightDutyVehicles": 2.54490378870647
  },
  "DE": {
    "annualVMTLightDutyVehicles": 8779.710581943,
    "annualVMTBuses": 129.162635738,
    "registeredLightDutyVehicles": 0.423888024702298
  },
  "DC": {
    "annualVMTLightDutyVehicles": 3141.584771996,
    "annualVMTBuses": 28.712876702,
    "registeredLightDutyVehicles": 0.341713269138936
  },
  "FL": {
    "annualVMTLightDutyVehicles": 197743.307203042,
    "annualVMTBuses": 1122.632805985,
    "registeredLightDutyVehicles": 17.6694727608852
  },
  "GA": {
    "annualVMTLightDutyVehicles": 105556.571969531,
    "annualVMTBuses": 747.396748499,
    "registeredLightDutyVehicles": 8.48144483259518
  },
  "ID": {
    "annualVMTLightDutyVehicles": 16904.593345256,
    "annualVMTBuses": 62.010148873,
    "registeredLightDutyVehicles": 1.82166857221652
  },
  "IL": {
    "annualVMTLightDutyVehicles": 84535.008463356,
    "annualVMTBuses": 709.830325817,
    "registeredLightDutyVehicles": 10.1530866188049
  },
  "IN": {
    "annualVMTLightDutyVehicles": 67580.389665805,
    "annualVMTBuses": 247.337096524,
    "registeredLightDutyVehicles": 5.71008132474016
  },
  "IA": {
    "annualVMTLightDutyVehicles": 28011.344425735,
    "annualVMTBuses": 88.504319112,
    "registeredLightDutyVehicles": 3.44414678369396
  },
  "KS": {
    "annualVMTLightDutyVehicles": 27534.315431782,
    "annualVMTBuses": 35.265224346,
    "registeredLightDutyVehicles": 2.38699498180577
  },
  "KY": {
    "annualVMTLightDutyVehicles": 40626.099347826,
    "annualVMTBuses": 437.55807844,
    "registeredLightDutyVehicles": 4.08911746065086
  },
  "LA": {
    "annualVMTLightDutyVehicles": 44937.842464246,
    "annualVMTBuses": 269.338874824,
    "registeredLightDutyVehicles": 3.54316485504038
  },
  "ME": {
    "annualVMTLightDutyVehicles": 12908.993916803,
    "annualVMTBuses": 113.559242002,
    "registeredLightDutyVehicles": 1.25683002173517
  },
  "MD": {
    "annualVMTLightDutyVehicles": 52021.625520324,
    "annualVMTBuses": 499.00087524,
    "registeredLightDutyVehicles": 4.58239584303303
  },
  "MA": {
    "annualVMTLightDutyVehicles": 54741.527174079,
    "annualVMTBuses": 368.521967894,
    "registeredLightDutyVehicles": 4.810772614435
  },
  "MI": {
    "annualVMTLightDutyVehicles": 88893.439792439,
    "annualVMTBuses": 223.043808985,
    "registeredLightDutyVehicles": 8.81033963541874
  },
  "MN": {
    "annualVMTLightDutyVehicles": 50809.315863806,
    "annualVMTBuses": 366.582437315,
    "registeredLightDutyVehicles": 5.00390669308147
  },
  "MS": {
    "annualVMTLightDutyVehicles": 35829.226866398,
    "annualVMTBuses": 233.360938276,
    "registeredLightDutyVehicles": 2.23279596464874
  },
  "MO": {
    "annualVMTLightDutyVehicles": 68029.446242123,
    "annualVMTBuses": 491.289475765,
    "registeredLightDutyVehicles": 5.1756237042689
  },
  "MT": {
    "annualVMTLightDutyVehicles": 11860.69588557,
    "annualVMTBuses": 75.721521582,
    "registeredLightDutyVehicles": 1.65868090241701
  },
  "NE": {
    "annualVMTLightDutyVehicles": 18678.994563348,
    "annualVMTBuses": 36.788386267,
    "registeredLightDutyVehicles": 1.77659094423733
  },
  "NV": {
    "annualVMTLightDutyVehicles": 23682.786725197,
    "annualVMTBuses": 132.338861168,
    "registeredLightDutyVehicles": 2.4794526375228
  },
  "NH": {
    "annualVMTLightDutyVehicles": 12105.661404749,
    "annualVMTBuses": 74.571868939,
    "registeredLightDutyVehicles": 1.26374127611372
  },
  "NJ": {
    "annualVMTLightDutyVehicles": 68635.464586966,
    "annualVMTBuses": 177.081469388,
    "registeredLightDutyVehicles": 5.79366181416933
  },
  "NM": {
    "annualVMTLightDutyVehicles": 21671.18442939,
    "annualVMTBuses": 228.11593593,
    "registeredLightDutyVehicles": 1.70916133830513
  },
  "NY": {
    "annualVMTLightDutyVehicles": 98808.379806853,
    "annualVMTBuses": 692.198443468,
    "registeredLightDutyVehicles": 7.95437663474752
  },
  "NC": {
    "annualVMTLightDutyVehicles": 107528.824249926,
    "annualVMTBuses": 761.027147892,
    "registeredLightDutyVehicles": 8.08752310652028
  },
  "ND": {
    "annualVMTLightDutyVehicles": 7405.328258418,
    "annualVMTBuses": 48.017540331,
    "registeredLightDutyVehicles": 0.833027675180352
  },
  "OH": {
    "annualVMTLightDutyVehicles": 100178.594825833,
    "annualVMTBuses": 569.288437732,
    "registeredLightDutyVehicles": 9.95649614391295
  },
  "OK": {
    "annualVMTLightDutyVehicles": 37965.239780002,
    "annualVMTBuses": 283.174759651,
    "registeredLightDutyVehicles": 3.01396883348
  },
  "OR": {
    "annualVMTLightDutyVehicles": 31259.89392514,
    "annualVMTBuses": 349.989944061,
    "registeredLightDutyVehicles": 3.66805803738627
  },
  "PA": {
    "annualVMTLightDutyVehicles": 91120.16334444,
    "annualVMTBuses": 774.83489357,
    "registeredLightDutyVehicles": 9.99742325390928
  },
  "RI": {
    "annualVMTLightDutyVehicles": 7005.490079207,
    "annualVMTBuses": 19.241739931,
    "registeredLightDutyVehicles": 0.741255921587534
  },
  "SC": {
    "annualVMTLightDutyVehicles": 52102.95264723,
    "annualVMTBuses": 149.52194615,
    "registeredLightDutyVehicles": 4.72340646470303
  },
  "SD": {
    "annualVMTLightDutyVehicles": 8443.79120964,
    "annualVMTBuses": 14.1182723,
    "registeredLightDutyVehicles": 1.12198314272251
  },
  "TN": {
    "annualVMTLightDutyVehicles": 73872.688499716,
    "annualVMTBuses": 23.39127798,
    "registeredLightDutyVehicles": 6.17785962160292
  },
  "TX": {
    "annualVMTLightDutyVehicles": 249662.619959573,
    "annualVMTBuses": 783.256981365,
    "registeredLightDutyVehicles": 21.4627091848187
  },
  "UT": {
    "annualVMTLightDutyVehicles": 26569.671066041,
    "annualVMTBuses": 158.822362293,
    "registeredLightDutyVehicles": 2.56933765390398
  },
  "VT": {
    "annualVMTLightDutyVehicles": 6067.342636857,
    "annualVMTBuses": 44.188146831,
    "registeredLightDutyVehicles": 0.55079958280231
  },
  "VA": {
    "annualVMTLightDutyVehicles": 73652.040028137,
    "annualVMTBuses": 477.314700955,
    "registeredLightDutyVehicles": 7.08771990024067
  },
  "WA": {
    "annualVMTLightDutyVehicles": 52182.414980279,
    "annualVMTBuses": 143.600479574,
    "registeredLightDutyVehicles": 7.33632803695485
  },
  "WV": {
    "annualVMTLightDutyVehicles": 13601.05985752,
    "annualVMTBuses": 154.651284001,
    "registeredLightDutyVehicles": 1.10912409889629
  },
  "WI": {
    "annualVMTLightDutyVehicles": 57184.370537772,
    "annualVMTBuses": 486.267801898,
    "registeredLightDutyVehicles": 5.15529627180172
  },
  "WY": {
    "annualVMTLightDutyVehicles": 9526.165867708,
    "annualVMTBuses": 30.53460404,
    "registeredLightDutyVehicles": 0.790627806516606
  }
}
